スタッフコード	開始行	終了行
1	2	57
2	58	132
3	133	173
5	174	195
9	196	239
10	240	285
18	286	350
21	351	373
24	374	426
26	427	530
27	531	576
30	577	596
36	597	671
39	672	715
46	716	753
47	754	799
50	800	877
58	878	914
65	915	954
66	955	1020
68	1021	1078
69	1079	1106
70	1107	1320
71	1321	1346
74	1347	1382
75	1383	1403
76	1404	1444
78	1445	1466
79	1467	1486
81	1487	1510
84	1511	1530
86	1531	1627
87	1628	1651
88	1652	1673
89	1674	1715
90	1716	1735
91	1736	1763
95	1764	1790
97	1791	1814
98	1815	1856
99	1857	1922
104	1923	1953
110	1954	1983
111	1984	2042
116	2043	2051
117	2052	2118
118	2119	2156
119	2157	2208
122	2209	2266
123	2267	2287
128	2288	2353
131	2354	2448
134	2449	2517
135	2518	2559
138	2560	2600
139	2601	2624
140	2625	2645
143	2646	2704
144	2705	2726
147	2727	2766
148	2767	2809
150	2810	2830
151	2831	2852
152	2853	2890
153	2891	2925
155	2926	2948
156	2949	2970
157	2971	3007
160	3008	3038
162	3039	3062
163	3063	3084
164	3085	3120
165	3121	3167
166	3168	3218
167	3219	3333
168	3334	3387
169	3388	3421
170	3422	3458
171	3459	3495
173	3496	3643
175	3644	3946
176	3947	3972
177	3973	4008
178	4009	4047
179	4048	4109
180	4110	4150
181	4151	4190
182	4191	4207
183	4208	4229
184	4230	4283
185	4284	4304
186	4305	4318
187	4319	4338
188	4339	4378
189	4379	4400
190	4401	4441
191	4442	4485
192	4486	4506
193	4507	4567
194	4568	4627
195	4628	4693
196	4694	4732
197	4733	4782
198	4783	4822
199	4823	4844
200	4845	4873
201	4874	4887
622	4888	4904
643	4905	4936
661	4937	4943
663	4944	4955
711	4956	4959
721	4960	5006
724	5007	5019
732	5020	5027
733	5028	5046
993	5047	5138
994	5139	5202
995	5203	5247
997	5248	5376
